week_start,total_units,mean_units_per_series,active_series
2011-01-31,145851,25.2468409208932,5777
2011-02-07,141740,23.983079526226735,5910
2011-02-14,120641,20.08340269685367,6007
2011-02-21,114126,18.626734127631792,6127
2011-02-28,130587,20.81399426203379,6274
2011-03-07,128823,20.26156023906889,6358
2011-03-14,122932,19.127431149836628,6427
2011-03-21,111979,17.310094295872624,6469
2011-03-28,121015,18.42213426701172,6569
2011-04-04,129467,19.471649872161226,6649
2011-04-11,123350,18.287620459599705,6745
2011-04-18,110804,16.350007377895825,6777
2011-04-25,100337,14.630650335374744,6858
2011-05-02,114551,16.599188523402404,6901
2011-05-09,122750,17.707732256203116,6932
2011-05-16,103543,14.876867816091954,6960
2011-05-23,102581,14.646059394631639,7004
2011-05-30,122670,17.466894489534386,7023
2011-06-06,134305,19.074705297542963,7041
2011-06-13,124439,17.66595684270301,7044
2011-06-20,115785,16.421075024819174,7051
2011-06-27,123605,17.47808257918552,7072
2011-07-04,138547,19.56049696456304,7083
2011-07-11,132820,18.71231332769794,7098
2011-07-18,122688,17.24599381501265,7114
2011-07-25,114079,15.901728463897408,7174
2011-08-01,135733,18.758015478164733,7236
2011-08-08,141460,19.35951827015191,7307
2011-08-15,136544,18.607795039520305,7338
2011-08-22,122144,16.627280152463925,7346
2011-08-29,126182,17.148953519978257,7358
2011-09-05,142491,19.286816459122903,7388
2011-09-12,136701,18.433252427184467,7416
2011-09-19,128815,17.28364417013283,7453
2011-09-26,139181,18.61953177257525,7475
2011-10-03,154718,20.631817575676756,7499
2011-10-10,156503,20.81156914893617,7520
2011-10-17,133759,17.76112070110211,7531
2011-10-24,127534,16.914323607427054,7540
2011-10-31,145009,19.198861379584272,7553
2011-11-07,150421,19.870673712021137,7570
2011-11-14,138248,18.236116607307743,7581
2011-11-21,127715,16.793556870479946,7605
2011-11-28,137657,18.06759417246358,7619
2011-12-05,154699,20.267129568976813,7633
2011-12-12,154958,20.248007317391874,7653
2011-12-19,128760,16.76344226012238,7681
2011-12-26,135579,17.58254441706653,7711
2012-01-02,161869,20.827200205867214,7772
2012-01-09,158509,20.269693094629154,7820
2012-01-16,146295,18.57006854531607,7878
2012-01-23,134563,16.843534860433095,7989
2012-01-30,164269,20.434009205125015,8039
2012-02-06,170734,21.18550688671051,8059
2012-02-13,150875,18.66571817394532,8083
2012-02-20,144322,17.795561035758322,8110
2012-02-27,157710,19.158163265306122,8232
2012-03-05,172675,20.721828873154926,8333
2012-03-12,165558,19.742189363224423,8386
2012-03-19,151193,17.945756676557863,8425
2012-03-26,149383,17.661740364152283,8458
2012-04-02,184208,21.648607356916205,8509
2012-04-09,166387,19.46046783625731,8550
2012-04-16,147638,17.201211697541652,8583
2012-04-23,143872,16.487737795095118,8726
2012-04-30,171789,19.356507042253522,8875
2012-05-07,178370,19.969771607702643,8932
2012-05-14,174228,19.43207673432969,8966
2012-05-21,160175,17.74792243767313,9025
2012-05-28,177703,19.668289983397898,9035
2012-06-04,194344,21.45787788450922,9057
2012-06-11,194962,21.466857520369963,9082
2012-06-18,172830,18.996482743460103,9098
2012-06-25,165488,18.117801620319685,9134
2012-07-02,197879,21.546058362369337,9184
2012-07-09,186547,20.2153229302124,9228
2012-07-16,168014,18.15778666378472,9253
2012-07-23,156513,16.840219496449322,9294
2012-07-30,180846,19.37289769683985,9335
2012-08-06,193076,20.63659683625481,9356
2012-08-13,187765,20.034677763551002,9372
2012-08-20,163653,17.450735764555343,9378
2012-08-27,165670,17.650756445770295,9386
2012-09-03,187183,19.883471425536435,9414
2012-09-10,177713,18.845493107104986,9430
2012-09-17,157629,16.659162967660116,9462
2012-09-24,152076,16.05701615457713,9471
2012-10-01,178774,18.846088973223697,9486
2012-10-08,173897,18.295318253550764,9505
2012-10-15,149007,15.285904800984817,9748
2012-10-22,141171,14.292902703249975,9877
2012-10-29,161248,16.210716799034884,9947
2012-11-05,177548,17.81001103420604,9969
2012-11-12,163336,16.36305349629333,9982
2012-11-19,142672,14.27148144443333,9997
2012-11-26,144117,14.36429781720323,10033
2012-12-03,176107,17.47613376997122,10077
2012-12-10,171475,16.981085363438304,10098
2012-12-17,170725,16.886745796241346,10110
2012-12-24,133845,13.206216082881106,10135
2012-12-31,178375,17.53071253071253,10175
2013-01-07,182465,17.794519212014823,10254
2013-01-14,165446,16.07832847424684,10290
2013-01-21,145573,14.11548530980316,10313
2013-01-28,161260,15.520692974013475,10390
2013-02-04,173354,16.568288253846887,10463
2013-02-11,183454,17.423686959825243,10529
2013-02-18,160674,15.159354656099632,10599
2013-02-25,168447,15.800300159459713,10661
2013-03-04,176103,16.40303651266766,10736
2013-03-11,176745,16.420011148272017,10764
2013-03-18,153994,14.258703703703704,10800
2013-03-25,161265,14.87410071942446,10842
2013-04-01,176786,16.25917410098409,10873
2013-04-08,173517,15.875297346752058,10930
2013-04-15,155104,14.119617660446062,10985
2013-04-22,139090,12.609010969087118,11031
2013-04-29,162132,14.661964188822571,11058
2013-05-06,169533,15.293910690121786,11085
2013-05-13,168410,15.120308852576764,11138
2013-05-20,153553,13.766630805092344,11154
2013-05-27,161525,14.445090323734574,11182
2013-06-03,186933,16.63993234822859,11234
2013-06-10,184665,16.401545430322408,11259
2013-06-17,167822,14.888396025550035,11272
2013-06-24,173297,15.273841001233915,11346
2013-07-01,200243,17.630128543757703,11358
2013-07-08,195079,17.136243851018975,11384
2013-07-15,176180,15.435430173471175,11414
2013-07-22,166204,14.490322580645161,11470
2013-07-29,179034,15.580367243930032,11491
2013-08-05,197651,17.172111207645525,11510
2013-08-12,190983,16.503888696854478,11572
2013-08-19,178977,15.405147185401962,11618
2013-08-26,184269,15.796742391770254,11665
2013-09-02,212307,18.147448499871786,11699
2013-09-09,205861,17.5036986650795,11761
2013-09-16,175998,14.906242059795037,11807
2013-09-23,167505,14.152162892869212,11836
2013-09-30,185631,15.639986519504593,11869
2013-10-07,189043,15.911371096709031,11881
2013-10-14,172473,14.493529411764706,11900
2013-10-21,156815,13.156724557429314,11919
2013-10-28,172131,14.41271037427782,11943
2013-11-04,179290,14.998326919859462,11954
2013-11-11,173072,14.469693169467435,11961
2013-11-18,151625,12.66285284783698,11974
2013-11-25,140623,11.743048016701461,11975
2013-12-02,184812,15.403567261210203,11998
2013-12-09,175580,14.581845361680923,12041
2013-12-16,161055,13.345624792840571,12068
2013-12-23,137601,11.378566112627139,12093
2013-12-30,178139,14.66647455952577,12146
2014-01-06,184549,15.146831910702561,12184
2014-01-13,171872,14.06711409395973,12218
2014-01-20,154627,12.603064634444536,12269
2014-01-27,158115,12.838177979863593,12316
2014-02-03,180856,14.609903869456337,12379
2014-02-10,179607,14.433220829315333,12444
2014-02-17,159473,12.774190964434476,12484
2014-02-24,160250,12.783184428844926,12536
2014-03-03,178314,14.15639885677993,12596
2014-03-10,185766,14.700166178681648,12637
2014-03-17,161595,12.740066225165563,12684
2014-03-24,158687,12.475393081761005,12720
2014-03-31,183665,14.414142206874901,12742
2014-04-07,191354,14.965900203347411,12786
2014-04-14,187865,14.61415791520809,12855
2014-04-21,165589,12.848308504034762,12888
2014-04-28,174654,13.526486988847584,12912
2014-05-05,176795,13.658451792336217,12944
2014-05-12,180086,13.891237272446777,12964
2014-05-19,157666,12.14029414029414,12987
2014-05-26,158756,12.196051317507875,13017
2014-06-02,190457,14.575418994413408,13067
2014-06-09,192639,14.65938665246176,13141
2014-06-16,177631,13.477314112291351,13180
2014-06-23,159756,12.08624602814344,13218
2014-06-30,197078,14.883921153991391,13241
2014-07-07,198740,14.98567335243553,13262
2014-07-14,178522,13.428764856326163,13294
2014-07-21,165008,12.395432692307692,13312
2014-07-28,178772,13.410246793188808,13331
2014-08-04,188000,14.090840953380303,13342
2014-08-11,189325,14.1667913798264,13364
2014-08-18,177806,13.289931982958368,13379
2014-08-25,164149,12.238965105875335,13412
2014-09-01,190838,14.182372175980975,13456
2014-09-08,188250,13.964097618871003,13481
2014-09-15,169705,12.569809643730094,13501
2014-09-22,160625,11.885822110404025,13514
2014-09-29,180688,13.35659373151981,13528
2014-10-06,182711,13.444518027961736,13590
2014-10-13,170274,12.521067725568056,13599
2014-10-20,152870,11.223935389133628,13620
2014-10-27,159938,11.729099442651805,13636
2014-11-03,178606,13.088524109629196,13646
2014-11-10,173225,12.688617052446528,13652
2014-11-17,154787,11.33389470601157,13657
2014-11-24,148379,10.851971037811746,13673
2014-12-01,169126,12.355786090005845,13688
2014-12-08,166073,12.112391510466049,13711
2014-12-15,159424,11.604600378512156,13738
2014-12-22,129811,9.433938953488372,13760
2014-12-29,161394,11.702849684576899,13791
2015-01-05,178043,12.884860327109568,13818
2015-01-12,172396,12.435692130130564,13863
2015-01-19,154850,11.135481087300446,13906
2015-01-26,158785,11.394689630426983,13935
2015-02-02,186691,13.379989966315488,13953
2015-02-09,183405,13.141659501289768,13956
2015-02-16,153988,11.029868920564429,13961
2015-02-23,149304,10.693596905887409,13962
2015-03-02,173559,12.420137398024904,13974
2015-03-09,173788,12.427631578947368,13984
2015-03-16,157071,11.228981984558192,13988
2015-03-23,151487,10.822819175537616,13997
2015-03-30,173450,12.386631436120831,14003
2015-04-06,174171,12.437232219365896,14004
2015-04-13,166242,11.866799914340781,14009
2015-04-20,156479,11.168296338591107,14011
2015-04-27,170596,12.172386728505174,14015
2015-05-04,175994,12.544119743406984,14030
2015-05-11,171391,12.213425497042685,14033
2015-05-18,150530,10.629148425363649,14162
2015-05-25,152872,10.743692459062478,14229
2015-06-01,187633,13.170000701902154,14247
2015-06-08,192488,13.504139188999579,14254
2015-06-15,179213,12.571939670291126,14255
2015-06-22,162650,11.410031567870922,14255
2015-06-29,183195,12.846774193548388,14260
2015-07-06,196107,13.749351468835448,14263
2015-07-13,189667,13.295969155275149,14265
2015-07-20,170179,11.927319876647042,14268
2015-07-27,177095,12.405954465849387,14275
2015-08-03,198895,13.932123844214065,14276
2015-08-10,190083,13.313931498213911,14277
2015-08-17,170866,11.961218060903045,14285
2015-08-24,163579,11.44789698369375,14289
2015-08-31,182777,12.786079048618397,14295
2015-09-07,199434,13.948384389425094,14298
2015-09-14,184838,12.92392672353517,14302
2015-09-21,174899,12.218736900936147,14314
2015-09-28,185259,12.93437129093067,14323
2015-10-05,200451,13.993089005235602,14325
2015-10-12,188906,13.182554082344732,14330
2015-10-19,170327,11.877754532775453,14340
2015-10-26,165798,11.561118471515236,14341
2015-11-02,177296,12.355121951219513,14350
2015-11-09,178766,12.456692913385826,14351
2015-11-16,163600,11.39990244582259,14351
2015-11-23,150214,10.466415830546266,14352
2015-11-30,172158,11.99289446185998,14355
2015-12-07,171224,11.927830024381748,14355
2015-12-14,172620,12.025078369905955,14355
2015-12-21,140943,9.812922091485065,14363
2015-12-28,166308,11.578918053331476,14363
2016-01-04,188614,13.131936225022628,14363
2016-01-11,192196,13.379463974939089,14365
2016-01-18,177317,12.3419642235679,14367
2016-01-25,171099,11.908337973273943,14368
2016-02-01,196176,13.653674832962139,14368
2016-02-08,207012,14.405845511482255,14370
2016-02-15,198657,13.824425887265136,14370
2016-02-22,178807,12.443075852470425,14370
2016-02-29,199561,13.887334725121782,14370
2016-03-07,202687,14.104871259568545,14370
2016-03-14,193108,13.438274182324287,14370
2016-03-21,195565,13.609255393180236,14370
2016-03-28,189164,13.163813500347947,14370
2016-04-04,211390,14.710508002783577,14370
2016-04-11,201045,13.990605427974948,14370
2016-04-18,189333,13.175574112734864,14370
2016-04-25,191019,13.292901878914405,14370
2016-05-02,213122,14.831036882393876,14370
2016-05-09,225812,15.714126652748782,14370
2016-05-16,202535,14.09429366736256,14370
